<?xml version = "1.0" encoding = "ISO-8859-1"?>

<!DOCTYPE aplicacion SYSTEM "dtds/aplicacion.dtd">

<aplicacion nombre="KathEncargos"> 
	
	<!--
	Un m�dulo por defecto se asume para cada
	controlador en <modulo-defecto/> 
	-->
	<modulo-defecto>		  
		<controlador nombre="Typical"/>		
	</modulo-defecto>
	
	<!--
	Podemos definir m�dulos adicionales, por ejemplo: 	
	<modulo nombre="ProfesorSoloLectura">
		<modelo nombre="Profesor"/>
		<controlador nombre="Print"/>
	</modulo>		
	-->	  
		
</aplicacion>

